country,fun_fact#,fun_fact
United Kingdom,1,"The UK consumes over 100 million cups of tea every single day."
United Kingdom,2,"French was the official language of the UK for about 300 years."
United Kingdom,3,"Big Ben is the name of the bell inside the tower, not the clock or the tower itself."
United Kingdom,4,"The shortest scheduled flight in the world is in Scotland, lasting just 47 seconds."
United Kingdom,5,"Windsor Castle is the oldest and largest occupied castle in the world."
United Kingdom,6,"The unicorn is the national animal of Scotland."
United Kingdom,7,"It is technically illegal to enter the Houses of Parliament wearing a suit of armor."
United Kingdom,8,"London has the world's oldest underground railway system, the 'Tube'."
United Kingdom,9,"The British Library is the largest library in the world by number of items cataloged."
United Kingdom,10,"Champagne was actually invented in England by scientist Christopher Merret in 1662."
United Kingdom,11,"The Queen (and now the King) does not need a passport to travel abroad."
United Kingdom,12,"There are more chickens in the UK than there are people."
United Kingdom,13,"The BBC is the world's oldest national broadcasting organization."
United Kingdom,14,"London has over 170 museums, many of which are free to the public."
United Kingdom,15,"The first-ever postage stamp, the Penny Black, was issued in the UK in 1840."
Spain,1,"Spain is the world's largest producer of olive oil, accounting for about 44% of global supply."
Spain,2,"The world's oldest existing restaurant, Sobrino de Botín (est. 1725), is in Madrid."
Spain,3,"Spain has more bars per inhabitant than any other country in the European Union."
Spain,4,"There is no tooth fairy in Spain; instead, a mouse named 'Ratoncito Pérez' collects teeth."
Spain,5,"Spain was the first country in the world to use wind energy as its primary electricity source."
Spain,6,"The Spanish National Anthem has no official lyrics."
Spain,7,"The Eiffel Tower was originally intended to be built in Barcelona, but the city rejected it."
Spain,8,"Spain remains the only European country to have a physical border with an African country (Ceuta/Melilla)."
Spain,9,"The 'Tomatina' festival involves thousands of people throwing tomatoes at each other for fun."
Spain,10,"Spain has the second-highest number of UNESCO World Heritage Cities in the world."
Spain,11,"The stapler was invented in the Basque Country of Spain in the 18th century."
Spain,12,"The Spanish New Year tradition involves eating 12 grapes at the stroke of midnight."
Spain,13,"Spain didn't officially join World War I or World War II, remaining neutral."
Spain,14,"Spanish is the second most spoken native language in the world, after Mandarin."
Spain,15,"The Sagrada Família in Barcelona has been under construction for over 140 years."
Netherlands,1,"There are more bicycles in the Netherlands than there are people."
Netherlands,2,"Dutch men are the tallest in the world, with an average height of 6 feet (183 cm)."
Netherlands,3,"The Netherlands was the first country in the world to legalize same-sex marriage (2001)."
Netherlands,4,"One-third of the Netherlands is located below sea level."
Netherlands,5,"The Dutch national anthem, the 'Wilhelmus,' is the oldest in the world (written in 1568)."
Netherlands,6,"Carrots were originally purple or white; the Dutch bred them to be orange in honor of the House of Orange."
Netherlands,7,"Amsterdam is built entirely on wooden poles (the Royal Palace sits on 13,659 poles)."
Netherlands,8,"The Netherlands is the world's largest exporter of flowers, specifically tulips."
Netherlands,9,"Gin was invented in the Netherlands (known as Jenever) before becoming popular in England."
Netherlands,10,"The Dutch consume the most licorice in the world—about 4 lbs per person per year."
Netherlands,11,"Schiphol Airport is situated 4 meters below sea level on what used to be a lake."
Netherlands,12,"The microscope and the telescope were both invented in the Netherlands."
Netherlands,13,"There are over 1,000 historic windmills still standing in the country."
Netherlands,14,"The Dutch invented the first stock exchange in the world in Amsterdam (1602)."
Netherlands,15,"It is a tradition to eat 'Haring' (raw herring) with onions and pickles as a snack."
Belgium,1,"Belgium has the world record for the longest time without a government (541 days)."
Belgium,2,"The Big Bang Theory was actually proposed by a Belgian priest, Georges Lemaître."
Belgium,3,"Belgium produces more than 800 different varieties of beer."
Belgium,4,"The saxophone was invented in Belgium by Adolphe Sax in the 1840s."
Belgium,5,"Belgium has the highest number of castles per square mile in the world."
Belgium,6,"Brussels' Zaventem airport is the largest chocolate selling point in the world."
Belgium,7,"French fries are actually Belgian; they were named 'French' by US soldiers in WWI."
Belgium,8,"The world's first printed newspaper was published in Antwerp in 1605."
Belgium,9,"Belgium has three official languages: Dutch, French, and German."
Belgium,10,"The 'Manneken Pis' statue in Brussels has a wardrobe of over 1,000 different outfits."
Belgium,11,"Belgium is the birthplace of the Smurfs (created by cartoonist Peyo)."
Belgium,12,"The Body Mass Index (BMI) was developed by the Belgian mathematician Adolphe Quetelet."
Belgium,13,"Belgium is home to Tomorrowland, the world's largest electronic dance music festival."
Belgium,14,"Napoleon was finally defeated at the Battle of Waterloo, located in Belgium."
Belgium,15,"The world's longest tram line is the Belgian Coast Tram, which is 68 km long."
Norway,1,"Norway knighted a penguin named Sir Nils Olav who lives in the Edinburgh Zoo."
Norway,2,"The Nobel Peace Prize is the only Nobel prize awarded in Oslo; the others are in Sweden."
Norway,3,"Norway introduced salmon sushi to the Japanese in the 1980s."
Norway,4,"Modern skiing was invented in Norway (the word 'ski' is Old Norse for 'piece of wood')."
Norway,5,"Norway has the world's longest road tunnel, the Lærdal Tunnel (24.5 km)."
Norway,6,"Grandiosa frozen pizza is so popular it is often called the unofficial national dish of Norway."
Norway,7,"The world's most remote island, Bouvet Island, is a Norwegian territory."
Norway,8,"Norway has more Winter Olympic medals than any other nation in the world."
Norway,9,"Gasoline prices in Norway are among the highest in the world, despite being a major oil exporter."
Norway,10,"In a small town called Hell, Norway, the temperature regularly freezes over in winter."
Norway,11,"Norway has a land border with Russia that is 196 km long."
Norway,12,"Norwegians are the world's second-largest consumers of coffee per capita."
Norway,13,"The 'Svalbard Global Seed Vault' protects the world's crop diversity against global disasters."
Norway,14,"Norway's coastline is so jagged that if stretched out, it would circle the Earth twice."
Norway,15,"It is illegal to declaw your cat in Norway unless it is medically necessary."
Sweden,1,"Sweden has more islands than any other country in the world, with over 267,000."
Sweden,2,"The world-famous furniture store IKEA was founded in Sweden in 1943."
Sweden,3,"Sweden was the first country in the world to ban spanking and corporal punishment of children (1979)."
Sweden,4,"The Nobel Prize ceremonies (except the Peace Prize) are held in Stockholm every year."
Sweden,5,"Sweden imports trash from other countries because it is so efficient at recycling it for energy."
Sweden,6,"The 'Lagom' philosophy, meaning 'not too much, not too little, just right,' is central to Swedish culture."
Sweden,7,"The pacemaker, the ultrasound, and the three-point seatbelt were all invented in Sweden."
Sweden,8,"Sweden has a 'Right of Public Access' (Allemansrätten) allowing anyone to camp or hike almost anywhere."
Sweden,9,"North Korea owes Sweden over 300 million dollars for 1,000 Volvo cars stolen in the 1970s."
Sweden,10,"Abba is Sweden's most successful musical export of all time."
Sweden,11,"Stockholm’s subway system is often called the world’s longest art gallery."
Sweden,12,"Swedes are among the world's highest consumers of coffee."
Sweden,13,"The Swedish monarchy is one of the oldest in the world, dating back over 1,000 years."
Sweden,14,"Surströmming, a fermented herring, is so smelly that some airlines ban it on flights."
Sweden,15,"The official Twitter account of Sweden was managed by a different random citizen every week for seven years."
Finland,1,"Finland has been named the happiest country in the world for seven consecutive years."
Finland,2,"There are more saunas in Finland than there are cars (about 3 million saunas)."
Finland,3,"Finland was the first country in Europe to give women the right to vote (1906)."
Finland,4,"The Finnish language is not Indo-European; it is part of the Uralic family, related to Estonian and Hungarian."
Finland,5,"Finland holds the World Championships for Wife Carrying and Mobile Phone Throwing."
Finland,6,"The official 'home' of Santa Claus is in Rovaniemi, Finnish Lapland."
Finland,7,"Finland has approximately 188,000 lakes within its borders."
Finland,8,"Finns drink more coffee per capita than any other nation in the world."
Finland,9,"Heavy metal is extremely popular; Finland has the most metal bands per capita in the world."
Finland,10,"Angry Birds and Clash of Clans were both created by Finnish companies."
Finland,11,"The northern lights (Aurora Borealis) are visible in Finnish Lapland about 200 nights a year."
Finland,12,"In Finland, speeding tickets are calculated based on the offender's annual income."
Finland,13,"The only Finnish word to make it into the English language is 'sauna'."
Finland,14,"Finland has an annual 'Day for Failure' to celebrate setbacks as learning experiences."
Finland,15,"Finland is the only country in the world to broadcast news in Latin (Nuntii Latini)."
Denmark,1,"The Danish flag, the Dannebrog, is the oldest national flag in continuous use (since 1219)."
Denmark,2,"Lego was invented in Denmark, and the name comes from 'Leg Godt,' meaning 'Play Well'."
Denmark,3,"Denmark has no mountains; the highest 'peak' is only 170 meters above sea level."
Denmark,4,"Copenhagen is one of the most bicycle-friendly cities; 50% of residents commute by bike."
Denmark,5,"The Danish monarchy is the oldest uninterrupted monarchy in Europe."
Denmark,6,"There is no word for 'please' in the Danish language."
Denmark,7,"Danish pastry actually originated in Austria; Danes call it 'Viennese bread' (wienerbrød)."
Denmark,8,"Denmark is consistently ranked as one of the least corrupt countries in the world."
Denmark,9,"You are never more than 50 kilometers away from the sea in Denmark."
Denmark,10,"Bluetooth technology was named after the 10th-century Danish King Harald 'Bluetooth' Gormsson."
Denmark,11,"Tivoli Gardens in Copenhagen is one of the oldest amusement parks in the world."
Denmark,12,"Denmark has 444 islands, but only about 76 of them are inhabited."
Denmark,13,"The Little Mermaid statue in Copenhagen has been decapitated twice by vandals."
Denmark,14,"Handball was invented in Denmark in the late 19th century."
Denmark,15,"The concept of 'Hygge' (coziness and comfortable conviviality) is a core part of Danish identity."
Iceland,1,"Iceland has no mosquitoes at all due to its unique climate and soil chemistry."
Iceland,2,"Icelanders do not have surnames; they use a patronymic system (father's name + son or dóttir)."
Iceland,3,"A majority of Icelanders believe in the existence of elves (Huldufólk)."
Iceland,4,"Iceland is home to the world’s oldest parliament, the Althing, established in 930 AD."
Iceland,5,"There are no McDonald's restaurants in the entire country of Iceland."
Iceland,6,"Iceland produces 100% of its electricity from renewable sources (geothermal and hydro)."
Iceland,7,"The country has more authors per capita than any other nation; 1 in 10 Icelanders will publish a book."
Iceland,8,"Beer was illegal in Iceland until 1989."
Iceland,9,"Iceland has 13 'Santa Clauses' known as the Yule Lads, who are mischievous trolls."
Iceland,10,"The Icelandic police do not carry guns."
Iceland,11,"Iceland has a 'Naming Committee' that must approve all new baby names to preserve the language."
Iceland,12,"Babies in Iceland are frequently left outside in strollers to nap in the cold air."
Iceland,13,"The country is located on two tectonic plates (North American and Eurasian) that are pulling apart."
Iceland,14,"There are more sheep in Iceland than there are people."
Iceland,15,"Iceland is the only place in the world where you can dive between two continental plates (Silfra Fissure)."
Switzerland,1,"Switzerland has 4 official languages: German, French, Italian, and Romansh."
Switzerland,2,"It is illegal to own just one guinea pig in Switzerland because they are social animals."
Switzerland,3,"Switzerland has enough nuclear fallout shelters to accommodate its entire population."
Switzerland,4,"The Swiss eat more chocolate than any other nation, averaging 11kg per person annually."
Switzerland,5,"Switzerland hasn't been in a state of war since 1815."
Switzerland,6,"Coffee in Zurich is among the most expensive in the world."
Switzerland,7,"Switzerland is home to over 7,000 lakes."
Switzerland,8,"The Swiss Flag is square, not rectangular (only the Vatican also has a square flag)."
Switzerland,9,"CERN, the world's largest particle physics laboratory, is located on the Swiss-French border."
Switzerland,10,"In Switzerland, citizens can challenge any law passed by parliament if they gather 50,000 signatures."
Switzerland,11,"The Swiss military keeps prepared 'destruction' points on all bridges and tunnels for defense."
Switzerland,12,"Switzerland has more peaks over 4,000 meters than any other European country."
Switzerland,13,"The Red Cross was founded in Geneva, Switzerland, in 1863."
Switzerland,14,"Assisted suicide is legal in Switzerland and has been since 1942."
Switzerland,15,"Switzerland produces about 450 varieties of cheese."
Austria,1,"The oldest zoo in the world, Tiergarten Schönbrunn (est. 1752), is in Vienna."
Austria,2,"Austria is the birthplace of many famous composers, including Mozart, Haydn, and Strauss."
Austria,3,"The croissant was actually invented in Vienna (the Kipferl) before being popularized in France."
Austria,4,"Austria is the only EU country that is not a member of NATO."
Austria,5,"The world's largest emerald (2,860 carats) is kept in the Imperial Treasury in Vienna."
Austria,6,"About 62% of Austria’s total land area is covered by the Alps."
Austria,7,"The sewing machine was invented by an Austrian, Josef Madersperger, in 1814."
Austria,8,"Vienna has been voted the world's most livable city multiple times."
Austria,9,"The 'Sound of Music' was filmed in Salzburg, but many locals have never seen the movie."
Austria,10,"Austria was the first country in the world to make organic farming a national regulation."
Austria,11,"The world's oldest operating restaurant, St. Peter Stiftskeller (est. 803 AD), is in Salzburg."
Austria,12,"Arnold Schwarzenegger was born and raised in Thal, Austria."
Austria,13,"Postcards were first used and issued in Austria in 1869."
Austria,14,"The Austrian flag is one of the oldest national flags in the world."
Austria,15,"Vienna has a massive 'Coffee House Culture' that is listed as a UNESCO Intangible Cultural Heritage."
Ireland,1,"Halloween originated in Ireland from the ancient Celtic festival of Samhain."
Ireland,2,"There are no wild snakes in Ireland; they never migrated there after the last Ice Age."
Ireland,3,"The harp is the national symbol of Ireland, making it the only country with a musical instrument as an emblem."
Ireland,4,"St. Patrick, the patron saint of Ireland, was actually British, not Irish."
Ireland,5,"Ireland has won the Eurovision Song Contest a record 7 times."
Ireland,6,"More Irish people live outside of Ireland (the diaspora) than inside the country."
Ireland,7,"Guinness beer was founded by Arthur Guinness, who signed a 9,000-year lease for the brewery."
Ireland,8,"Ireland is known as the 'Emerald Isle' because of its lush green landscape and high rainfall."
Ireland,9,"The 'Wild Atlantic Way' in Ireland is the longest defined coastal driving route in the world."
Ireland,10,"Hook Lighthouse in Wexford is one of the oldest working lighthouses in the world (800+ years)."
Ireland,11,"The Titanic was built in Belfast, Northern Ireland."
Ireland,12,"Ireland was the first country in the world to legalize same-sex marriage by popular vote."
Ireland,13,"Irish is the first official language of Ireland, though English is more widely spoken."
Ireland,14,"The White House in Washington D.C. was designed by an Irishman, James Hoban."
Ireland,15,"The oldest pub in Ireland, Sean's Bar, dates back to 900 AD."
Portugal,1,"Portugal is the world’s largest producer of cork, providing over 50% of the global supply."
Portugal,2,"The oldest bookstore in the world, Livraria Bertrand (est. 1732), is in Lisbon."
Portugal,3,"Tempura, the famous Japanese dish, was actually introduced to Japan by Portuguese missionaries."
Portugal,4,"Lisbon is older than Rome, with evidence of settlement dating back to 1200 BC."
Portugal,5,"Portugal was the first colonial power to abolish slavery (in 1761)."
Portugal,6,"The University of Coimbra, established in 1290, is one of the oldest in the world."
Portugal,7,"Portugal and England have the oldest active diplomatic alliance in the world (Treaty of Windsor, 1386)."
Portugal,8,"Fado is the traditional, soulful music of Portugal and is a UNESCO World Heritage treasure."
Portugal,9,"The Vasco da Gama Bridge in Lisbon is one of the longest bridges in Europe."
Portugal,10,"Portugal was the first country in the world to decriminalize the possession of all drugs (in 2001)."
Portugal,11,"The westernmost point of mainland Europe, Cabo da Roca, is located in Portugal."
Portugal,12,"Portuguese is the official language of 9 countries across 4 continents."
Portugal,13,"The biggest wave ever surfed was in Nazaré, Portugal (over 24 meters high)."
Portugal,14,"Portuguese monks and nuns invented many of the country's famous sweets, like Pastéis de Nata."
Portugal,15,"Portugal has 300 days of sunshine per year on average."
Poland,1,"Poland is home to the world's largest castle by land area, Malbork Castle."
Poland,2,"The Constitution of May 3, 1791, was the first modern constitution in Europe."
Poland,3,"Poland has one of the world's oldest salt mines, the Wieliczka Salt Mine."
Poland,4,"Vodka originated in Poland, with the first written mention dating back to 1405."
Poland,5,"Marie Curie, the first woman to win a Nobel Prize, was born in Warsaw, Poland."
Poland,6,"Poland has its own desert, the Błędów Desert, often called the 'Polish Sahara'."
Poland,7,"Warsaw was almost completely destroyed in WWII and was rebuilt using 18th-century paintings as a guide."
Poland,8,"Poland is home to Europe's heaviest animals, the European Bison (Żubr)."
Poland,9,"The world's first 'Upside Down House' was built in the Polish village of Szymbark."
Poland,10,"Polish people celebrate 'Fat Thursday' by eating roughly 100 million doughnuts (pączki)."
Poland,11,"Poland has one of the most diverse environments in Europe, from beaches to mountains and wetlands."
Poland,12,"The oldest restaurant in Europe, Piwnica Świdnicka (est. 1273), is located in Wrocław."
Poland,13,"An original Gutenberg Bible is kept in the Diocesan Museum in Pelplin."
Poland,14,"Pierogi are so beloved that they have their own dedicated festival in Kraków."
Poland,15,"Poland has the highest number of Nobel Prize winners in Literature in Central Europe."
Czechia,1,"The Czech Republic has the highest beer consumption per capita in the world."
Czechia,2,"Prague Castle is the largest ancient castle complex in the world."
Czechia ,3,"The word 'robot' was coined by Czech writer Karel Čapek in his 1920 play R.U.R."
Czechia ,4,"Soft contact lenses were invented by Czech chemist Otto Wichterle in 1959."
Czechia ,5,"The Czech Republic is home to over 2,000 castles and chateaux, the highest density in Europe."
Czechia ,6,"The first pale lager, Pilsner Urquell, was brewed in the Czech city of Plzeň in 1842."
Czechia,7,"Prague’s Astronomical Clock is the oldest one in the world that is still operating."
Czechia,8,"The Czech Republic is one of the most atheist countries in the world."
Czechia,9,"The Mushroom hunting season is a national passion; almost every family goes 'foraging'."
Czechia,10,"Gregor Mendel, the father of modern genetics, lived and worked in Brno."
Czechia,11,"The Charles University in Prague (est. 1348) is the oldest university in Central Europe."
Czechia,12,"The Czech Republic is consistently ranked among the top 10 safest countries globally."
Czechia,13,"The sugar cube was invented in the Czech town of Dačice in 1843."
Czechia,14,"Prague is known as the 'City of a Hundred Spires,' though it now has over 500."
Czechia,15,"Ice hockey is the most popular sport, and the national team is a global powerhouse."
Hungary,1,"The Hungarian Parliament Building is the third-largest parliament building in the world."
Hungary,2,"Budapest has the highest number of thermal springs of any capital city in the world."
Hungary,3,"The Rubik’s Cube was invented by Hungarian sculptor Ernő Rubik in 1974."
Hungary,4,"Hungary is home to the world’s first official wine region, Tokaj (est. 1730)."
Hungary,5,"It is traditionally considered rude to clink beer glasses in Hungary."
Hungary,6,"The Hungarian language is unrelated to any of its neighbors and is one of the hardest to learn."
Hungary,7,"Hungary has won the second-most gold medals in the Summer Olympics per capita."
Hungary,8,"The ballpoint pen (Biro) was invented by Hungarian journalist László Bíró."
Hungary,9,"Lake Balaton is the largest lake in Central Europe and is often called the 'Hungarian Sea'."
Hungary,10,"Budapest has the oldest electrified underground railway system in mainland Europe."
Hungary,11,"Hungary is one of the oldest countries in Europe, founded in 895 AD."
Hungary,12,"The Dohány Street Synagogue in Budapest is the largest synagogue in Europe."
Hungary,13,"Paprika is the most essential ingredient in Hungarian cuisine."
Hungary,14,"Hungary has 13 Nobel Prize winners, including the inventors of holography and the hydrogen bomb."
Hungary,15,"The 'Cowboys' of the Great Hungarian Plain, known as Csikós, are famous for their horse-riding skills."
Greece,1,"Athens is one of the oldest cities in the world, with recorded history going back 3,400 years."
Greece,2,"Greece has over 6,000 islands and islets, but only about 200 are inhabited."
Greece,3,"No point in Greece is more than 85 miles (137 km) away from the sea."
Greece,4,"Greece is the world's leading producer of sea sponges."
Greece,5,"The first Olympic Games were held in 776 BC in Olympia."
Greece,6,"Approximately 80% of Greece is covered by mountains."
Greece,7,"Greece has more archaeological museums than any other country in the world."
Greece,8,"The Greek national anthem has 158 verses, making it the longest in the world."
Greece,9,"Greeks do not wave with an open palm; it is considered an insult (the 'Mountza')."
Greece,10,"Greece enjoys more than 250 days of sunshine per year."
Greece,11,"Ancient Greek is the basis for thousands of English words in science and math."
Greece,12,"Greece has the lowest divorce rate in the European Union."
Greece,13,"Mount Olympus was believed to be the home of the gods in Greek mythology."
Greece,14,"Greece is the third-largest producer of olives in the world."
Greece,15,"The tradition of 'throwing plates' at celebrations is uniquely Greek."
Romania,1,"The Palace of the Parliament in Bucharest is the heaviest building in the world."
Romania,2,"Romania is home to the largest population of brown bears in Europe (outside Russia)."
Romania,3,"The name 'Romania' comes from the Latin word 'Romanus,' meaning 'citizen of Rome'."
Romania,4,"The Transfăgărășan road is often called the most beautiful driving road in the world."
Romania,5,"The world's first fountain pen was invented by Romanian Petrache Poenaru in 1827."
Romania,6,"Timișoara was the first city in Europe to have electric street lighting (1884)."
Romania,7,"Romania has its own 'Merry Cemetery' where colorful tombstones depict the lives of the deceased."
Romania,8,"The Danube Delta is the best-preserved delta in Europe and a UNESCO site."
Romania,9,"The tallest wooden church in the world is in Săpânța-Peri, Romania."
Romania,10,"Nadia Comăneci was the first gymnast to be awarded a perfect score of 10.0 in the Olympics."
Romania,11,"The Carpathian Mountains host over 60% of Europe's remaining virgin forests."
Romania,12,"The Scărișoara Glacier is the second-largest underground glacier in Europe."
Romania,13,"Romanian is a Romance language, closely related to Italian and Spanish."
Romania,14,"Bucharest is often nicknamed 'Little Paris' because of its elegant architecture."
Romania,15,"Peleș Castle was the first European castle to be entirely lit by electricity."
Bulgaria,1,"Bulgaria is the oldest country in Europe that hasn't changed its name since 681 AD."
Bulgaria,2,"The Cyrillic alphabet was created in Bulgaria in the 9th century."
Bulgaria,3,"Bulgaria produces about 85% of the world's rose oil."
Bulgaria,4,"The world's oldest gold treasure (over 6,000 years old) was found in Varna, Bulgaria."
Bulgaria,5,"Bulgarians shake their heads for 'yes' and nod for 'no'—the opposite of most cultures."
Bulgaria,6,"Bulgaria is home to the world’s most accurate ancient calendar, according to UNESCO."
Bulgaria,7,"The Bulgarian Army has never lost a single flag in battle."
Bulgaria,8,"Bulgaria has the second-highest number of natural mineral springs in Europe, after Iceland."
Bulgaria,9,"Yogurt as we know it originated in Bulgaria (containing Lactobacillus bulgaricus)."
Bulgaria,10,"The bagpipe (gaida) is a traditional national instrument in Bulgaria."
Bulgaria,11,"The Thracian Tomb of Kazanlak is one of the oldest UNESCO sites in the country."
Bulgaria,12,"Bulgaria is one of the world's largest wine exporters despite its small size."
Bulgaria,13,"The digital watch was invented by a Bulgarian, Peter Petroff."
Bulgaria,14,"Bulgarians wear 'Martenitsa' (red and white threads) in March to celebrate spring."
Bulgaria,15,"The inventor of the first electronic computer, John Atanasoff, was of Bulgarian descent."
Slovakia,1,"Slovakia has more than 6,000 caves, including unique aragonite and ice caves."
Slovakia,2,"Slovakia has the highest number of castles and chateaux per capita in the world."
Slovakia,3,"Bratislava is the only capital city in the world that borders two independent countries (Austria and Hungary)."
Slovakia,4,"The world's highest wooden Gothic altar is located in the St. James Church in Levoča."
Slovakia,5,"Slovakia is the world’s largest car producer per capita."
Slovakia,6,"The village of Čičmany is famous for its folk architecture with white geometric patterns."
Slovakia,7,"The geographical center of Europe is claimed to be near the village of Kremnické Bane."
Slovakia,8,"Slovakia has the highest density of mineral springs in the world."
Slovakia,9,"The Andy Warhol Museum of Modern Art is in Slovakia, as his parents were from there."
Slovakia,10,"Slovakia’s national dish is Bryndzové Halušky (potato dumplings with sheep cheese)."
Slovakia,11,"The Ochtinská Aragonite Cave is one of only three such caves in the world."
Slovakia,12,"The High Tatras are the smallest high-mountain range in the world."
Slovakia,13,"Slovakia has nine national parks and 14 protected landscape areas."
Slovakia,14,"The parachute was patented by Slovak inventor Štefan Banič in 1913."
Slovakia,15,"The first technical university in the world was founded in Banská Štiavnica in 1762."
Slovenia,1,"Slovenia is one of the most forested countries in Europe, with over 60% forest cover."
Slovenia,2,"The world's oldest vine (over 400 years old) is still producing grapes in Maribor."
Slovenia,3,"Slovenia is the only country with the word 'love' in its name."
Slovenia,4,"Slovenia has over 10,000 caves, including the world-famous Postojna Cave."
Slovenia,5,"Beekeeping is a national obsession; there are roughly 5 beekeepers for every 1,000 people."
Slovenia,6,"The world's oldest wheel (5,150 years old) was discovered in the Ljubljana Marshes."
Slovenia,7,"Slovenia has a diverse landscape that includes the Alps, the Mediterranean, and the Pannonian Plain."
Slovenia,8,"Lake Bled features the only island in Slovenia, which is home to a famous church."
Slovenia,9,"The Lipizzaner horse breed originated in the Slovenian village of Lipica."
Slovenia,10,"Slovenia was the first country in the world to be declared a 'Green Destination'."
Slovenia,11,"The capital city, Ljubljana, means 'The Loved One'."
Slovenia,12,"Mount Triglav is the national symbol and appears on the country's coat of arms."
Slovenia,13,"Slovenia has one of the highest numbers of Olympic medals per capita."
Slovenia,14,"The Solkan Bridge has the largest stone arch among all railway bridges in the world."
Slovenia,15,"Slovenia is home to the 'human fish' (Olm), a rare blind salamander that lives in caves."
Estonia,1,"Estonia was the first country in the world to adopt online political voting in 2005."
Estonia,2,"Skype was created by Estonian developers in 2003."
Estonia,3,"Estonia has two UNESCO World Heritage sites: the Old Town of Tallinn and the Struve Geodetic Arc."
Estonia,4,"The country has over 2,200 islands in the Baltic Sea."
Estonia,5,"Estonia is one of the least religious countries in the world."
Estonia,6,"Public transport is completely free for residents in the capital city, Tallinn."
Estonia,7,"Estonia has a 99.8% literacy rate, one of the highest in the world."
Estonia,8,"The 'Kiiking' sport, which involves swinging 360 degrees over a spindle, was invented here."
Estonia,9,"Estonia is the birthplace of the 'Save-the-Date' style of wedding invites."
Estonia,10,"Estonia has the highest number of startups per capita in Europe."
Estonia,11,"Almost the entire country is covered by a free Wi-Fi network."
Estonia,12,"The Estonian language has 14 noun cases, making it very complex to learn."
Estonia,13,"Estonia has the highest number of meteorite craters per land area in the world."
Estonia,14,"Singing is a national passion; the 'Singing Revolution' helped the country gain independence."
Estonia,15,"Estonia is home to the oldest pharmacy in Europe still in its original premises (est. 1422)."
Latvia,1,"Latvia's flag is one of the oldest in the world, dating back to the 13th century."
Latvia,2,"The jeans we know today were co-invented by a Latvian-born tailor, Jacob Davis."
Latvia,3,"Latvia has over 500 km of sandy beaches, many of which are blue-flag certified."
Latvia,4,"Over 50% of Latvia is covered by forests."
Latvia,5,"The world's first portable camera, the Minox, was invented in Riga in 1937."
Latvia,6,"Latvia has one of the world's highest proportions of fashion models per capita."
Latvia,7,"The Ventas Rumba in Kuldīga is the widest waterfall in Europe (249 meters)."
Latvia,8,"Riga is known as the world capital of Art Nouveau architecture."
Latvia,9,"Latvia is home to the 'Black Balsam,' a traditional herbal liqueur made with 24 ingredients."
Latvia,10,"The Christmas tree tradition is claimed by Riga, which decorated one in 1510."
Latvia,11,"Latvians have over 1.2 million traditional folk songs called 'dainas'."
Latvia,12,"Latvia is home to the world's only 'prison hotel' in Karosta, where guests are treated like inmates."
Latvia,13,"Latvia has the fourth-fastest internet speeds in the world on average."
Latvia,14,"Latvia has no mountains; its highest point is only 312 meters high."
Latvia,15,"Basketball is considered the unofficial national sport of Latvia."
Lithuania,1,"Lithuanian is one of the oldest living languages in the world, closely related to Sanskrit."
Lithuania,2,"The 'Stelmužė Oak' is one of the oldest trees in Europe, believed to be 1,500 years old."
Lithuania,3,"Lithuania was the last country in Europe to adopt Christianity (1387)."
Lithuania,4,"In the 15th century, the Grand Duchy of Lithuania was the largest country in Europe."
Lithuania,5,"Lithuania has its own official national scent, called 'The Scent of Lithuania'."
Lithuania,6,"The Hill of Crosses is a unique pilgrimage site with over 100,000 crosses."
Lithuania,7,"Lithuania is the only country in the world with an official national dish made of potatoes called 'Cepelinai'."
Lithuania,8,"Vilnius University is the oldest university in the Baltic States (est. 1579)."
Lithuania,9,"Lithuania was the first Soviet republic to declare independence in 1990."
Lithuania,10,"The country is famous for its amber, often called 'Baltic Gold'."
Lithuania,11,"Lithuania has a high-speed fiber-optic internet infrastructure that is among the best in the EU."
Lithuania,12,"The geografical center of Europe is officially located near Vilnius, according to French scientists."
Lithuania,13,"Lithuanians celebrate two independence days: February 16 and March 11."
Lithuania,14,"The hot air balloon density in Lithuania is one of the highest in the world."
Lithuania,15,"Storks are the national bird and are considered a sign of good luck and harmony."
Ukraine,1,"Ukraine is the largest country located entirely within the borders of Europe."
Ukraine,2,"The world's deepest subway station, Arsenalna, is in Kyiv (105.5 meters deep)."
Ukraine,3,"Ukraine is known as the 'breadbasket of Europe' due to its vast, fertile black soil."
Ukraine,4,"The world's heaviest aircraft, the Antonov An-225 Mriya, was built in Ukraine."
Ukraine,5,"Kyiv is home to the world's shortest main street, Khreshchatyk (only 1.2 km long)."
Ukraine,6,"The 'Tunnel of Love' is a natural green railway tunnel in Klevan, a popular tourist spot."
Ukraine,7,"Ukraine has the fourth highest number of IT professionals in the world."
Ukraine,8,"The world's first gas lamp was invented in Lviv in 1853."
Ukraine,9,"Ukraine is home to seven UNESCO World Heritage Sites."
Ukraine,10,"The traditional Ukrainian Easter egg, the Pysanka, is famous for its intricate designs."
Ukraine,11,"The world's largest concentration of mammoth bones was found in Ukraine."
Ukraine,12,"Ukraine is the world's largest producer of sunflower oil."
Ukraine,13,"The trembita is a traditional Ukrainian mountain horn and the world's longest wind instrument."
Ukraine,14,"Ukrainian is often cited as one of the most melodic languages in the world."
Ukraine,15,"The Vyshyvanka (embroidered shirt) is the most iconic piece of Ukrainian national clothing."
Croatia,1,"The necktie (cravat) originated in Croatia during the 17th century."
Croatia,2,"Croatia has over 1,200 islands, but only 48 are permanently inhabited."
Croatia,3,"The Dalmatian dog breed is named after the Croatian region of Dalmatia."
Croatia,4,"The world's smallest town, Hum, is located in Croatia and has about 30 residents."
Croatia,5,"The Sea Organ in Zadar uses waves to create music through a series of underwater pipes."
Croatia,6,"Croatia is the birthplace of Nikola Tesla, who was born in the village of Smiljan."
Croatia,7,"Game of Thrones was largely filmed in the city of Dubrovnik (King's Landing)."
Croatia,8,"The Roman amphitheater in Pula is one of the best-preserved in the world."
Croatia,9,"White House stone: Some of the stone used to build the White House came from the island of Brač."
Croatia,10,"Croatia has the highest number of UNESCO Intangible Goods in Europe."
Croatia,11,"The world's first torpedo was developed by Ivan Luppis in Rijeka in 1866."
Croatia,12,"Croatia has more than 10% of its land protected as national or nature parks."
Croatia,13,"The city of Split contains a living Roman palace (Diocletian's Palace) that people still live in today."
Croatia,14,"Zlatni Rat beach is famous because it changes shape depending on the wind and currents."
Croatia,15,"Croatia has won more Olympic medals in water polo than almost any other nation."
Serbia,1,"Serbia is the world's largest exporter of raspberries, accounting for about 30% of global supply."
Serbia,2,"The vampire myth actually originated in Serbia, not Romania (the word 'vampire' is Serbian)."
Serbia,3,"Belgrade is one of the oldest cities in Europe, with settlements dating back 7,000 years."
Serbia,4,"Seventeen Roman emperors were born in what is now modern-day Serbia."
Serbia,5,"The first satellite broadcast between Europe and North America used an image of a Serbian fresco."
Serbia,6,"Serbia is home to the 'Devil's Town' (Đavolja Varoš), a unique geological formation."
Serbia,7,"Serbia has the world's most expensive cheese, 'Pule,' made from donkey milk."
Serbia,8,"Belgrade has been destroyed and rebuilt 44 times throughout its history."
Serbia,9,"Serbia is the only country outside of Russia that uses the Cyrillic and Latin alphabets equally."
Serbia,10,"The clock-making industry in Serbia is older than the Swiss one by at least 200 years."
Serbia,11,"Constantine the Great, the first Christian Roman Emperor, was born in Niš, Serbia."
Serbia,12,"Serbia has the largest Orthodox church in the Balkans, the Temple of Saint Sava."
Serbia,13,"Serbia is home to the world's oldest urban settlement, Lepenski Vir."
Serbia,14,"Serbian scientist Mihajlo Pupin was a founding member of NASA (then NACA)."
Serbia,15,"The 'Morava' school of architecture is a unique Serbian medieval style."
Albania,1,"When Albanians shake their head from left to right, they mean 'yes'; a nod means 'no'."
Albania,2,"Albania has over 170,000 concrete bunkers built during the Cold War."
Albania,3,"In the early evening, Albanians take part in 'Xhiro', an official walk to socialize."
Albania,4,"Mother Teresa is the only Albanian Nobel Laureate."
Albania,5,"The country's energy production is 100% reliable on hydropower."
Albania,6,"Albania was the first country in the world to officially declare itself an atheist state (1967)."
Albania,7,"There are more Albanians living outside the country than inside it."
Albania,8,"The 'Code of Besa' is a traditional pledge of honor to protect guests at all costs."
Albania,9,"The official name for Albania is 'Shqipëria', which means 'Land of the Eagles'."
Albania,10,"Albania was never part of the Soviet Union or Yugoslavia; it was uniquely isolated."
Albania,11,"Lake Ohrid, shared with North Macedonia, is one of the oldest lakes in Europe."
Albania,12,"The national drink is Raki, a potent spirit usually made from grapes."
Albania,13,"Private car ownership was illegal in Albania until the fall of communism in 1991."
Albania,14,"Albania has 13 tiny islands, but only two are larger than one square kilometer."
Albania,15,"The Albanian language is a unique branch of the Indo-European family with no close relatives."
Belarus,1,"Around 40% of Belarus is covered by dense forests, often called the 'Lungs of Europe'."
Belarus,2,"The European Bison, the continent's heaviest land animal, is the national symbol."
Belarus,3,"The National Library of Belarus is shaped like a rhombicuboctahedron (a complex diamond shape)."
Belarus,4,"Belarusians have over 300 different recipes for potato dishes."
Belarus,5,"Independence Avenue in Minsk is one of the longest streets in Europe at 15 km."
Belarus,6,"Belarus is the only country in Europe that still carries out the death penalty."
Belarus,7,"The country is home to the Białowieża Forest, the last primeval forest in Europe."
Belarus,8,"Belarus has a 'Pancake Week' (Maslenitsa) where people eat pancakes to welcome spring."
Belarus,9,"World War II killed roughly 25% of the Belarusian population."
Belarus,10,"Minsk has been destroyed and rebuilt 18 times throughout history."
Belarus,11,"The first President of Israel, Chaim Weizmann, was born in Belarus."
Belarus,12,"Whistling inside a house is considered bad luck; it is believed to 'blow your money away'."
Belarus,13,"The 'World of Tanks' video game was created by a Belarusian company (Wargaming)."
Belarus,14,"Belarus has more than 11,000 lakes, earning it the nickname 'The Land of Blue Eyes'."
Belarus,15,"The Belarusian language has two different alphabets: Cyrillic and Latin (though Latin is rare)."
Bosnia and Herzegovina,1,"Sarajevo hosted the first-ever Winter Olympics in a communist country (1984)."
Bosnia and Herzegovina,2,"The country is often called the 'Heart-Shaped Land' because of its geographical shape."
Bosnia and Herzegovina,3,"The Stari Most (Old Bridge) in Mostar is a UNESCO site and a symbol of Balkan reconciliation."
Bosnia and Herzegovina,4,"Bosnia is home to the last remaining jungle in Europe, the Perućica Rainforest."
Bosnia and Herzegovina,5,"Sarajevo was the first city in Europe to have a full-time electric tram system (1885)."
Bosnia and Herzegovina,6,"There are three presidents in Bosnia and Herzegovina, representing the three main ethnic groups."
Bosnia and Herzegovina,7,"The national anthem of Bosnia and Herzegovina has no official lyrics."
Bosnia and Herzegovina,8,"The country is home to the 'Bosnian Pyramids', which some claim are the oldest in the world."
Bosnia and Herzegovina,9,"Coffee is a way of life here; Bosnia has the 10th highest coffee consumption in the world."
Bosnia and Herzegovina,10,"The 'Hajdučka Republika Mijata Tomića' is a self-proclaimed micronation within its borders."
Bosnia and Herzegovina,11,"The currency is the 'Convertible Mark', which cannot be exchanged outside the country."
Bosnia and Herzegovina,12,"Sarajevo was the site of the assassination of Archduke Franz Ferdinand, sparking WWI."
Bosnia and Herzegovina,13,"The 'Golden Lily' is the traditional national symbol of the Bosnian people."
Bosnia and Herzegovina,14,"Bosnia has a tiny 20 km stretch of coastline on the Adriatic Sea."
Bosnia and Herzegovina,15,"Traditional 'Sevdalinka' is a unique style of melancholy folk music native to Bosnia."
Cyprus,1,"Cyprus is the first country in the world to put its map on its national flag."
Cyprus,2,"Legend says the Greek goddess of love, Aphrodite, was born in Cyprus at Paphos."
Cyprus,3,"The world's oldest wine still in production, Commandaria, comes from Cyprus."
Cyprus,4,"Nicosia is the only divided capital city in the world (split between Greek and Turkish sides)."
Cyprus,5,"Halloumi cheese was invented in Cyprus during the Byzantine period."
Cyprus,6,"Cyprus enjoys an average of 320 days of sunshine every year."
Cyprus,7,"The entire city of Paphos is a UNESCO World Heritage Site."
Cyprus,8,"The world's oldest perfumes were discovered by archaeologists in Cyprus."
Cyprus,9,"Cyprus is one of the few places in the world where you can ski in the morning and swim in the afternoon."
Cyprus,10,"Cats were brought to Cyprus in the 4th century to hunt snakes; now they outnumber people."
Cyprus,11,"The Neolithic settlement of Choirokoitia is one of the best-preserved prehistoric sites in the Mediterranean."
Cyprus,12,"Cyprus has some of the cleanest beaches in Europe, consistently winning Blue Flag awards."
Cyprus,13,"The 'Wish Tree' in Paphos is covered in tied ribbons believed to bring good luck."
Cyprus,14,"Mount Olympus is the highest point in Cyprus, located in the Troodos Mountains."
Cyprus,15,"Cyprus is geographically in Asia but is culturally and politically European."
Kosovo,1,"Kosovo is the youngest country in Europe, having declared independence in 2008."
Kosovo,2,"More than 70% of the population is under the age of 35, making it the 'youngest' population in Europe."
Kosovo,3,"Like Cyprus, Kosovo is one of only two countries with its map on its flag."
Kosovo,4,"Kosovo is not in the EU, but it uses the Euro as its official currency."
Kosovo,5,"The name 'Kosovo' comes from the Serbian word for 'Field of the Blackbirds'."
Kosovo,6,"The 'Marble Cave' in Gadime is a rare geological wonder made entirely of marble."
Kosovo,7,"A street in the capital city of Pristina is named after Bill Clinton, complete with a statue."
Kosovo,8,"Kosovo is home to the 'National Library of Kosovo', often cited as one of the world's most unique (or ugliest) buildings."
Kosovo,9,"The 'Newborn' monument in Pristina is repainted every year to celebrate independence."
Kosovo,10,"Mother Teresa's parents were from Kosovo, and she is a highly revered figure there."
Kosovo,11,"Kosovo is landlocked and surrounded by Albania, Montenegro, Serbia, and North Macedonia."
Kosovo,12,"The city of Prizren is known as the 'Museum City' due to its well-preserved Ottoman architecture."
Kosovo,13,"Bear Sanctuary Prishtina provides a home for bears that were previously kept as restaurant attractions."
Kosovo,14,"Rugova Canyon is one of Europe's longest and deepest canyons."
Kosovo,15,"White-water rafting and hiking are major emerging tourist activities in the Accursed Mountains."
Luxembourg,1,"Luxembourg is the only Grand Duchy in the world (ruled by a Grand Duke)."
Luxembourg,2,"It was the first country in the world to make all public transport free."
Luxembourg,3,"Luxembourg has the highest minimum wage in the European Union."
Luxembourg,4,"Nearly half of the country's population consists of foreign residents."
Luxembourg,5,"Luxembourgish is the national language, but most people are trilingual (French and German)."
Luxembourg,6,"The capital, Luxembourg City, is built on massive fortifications and tunnels called the Casemates."
Luxembourg,7,"Luxembourg has won the Eurovision Song Contest five times."
Luxembourg,8,"The 'Schengen Agreement', which allows borderless travel in Europe, was signed in a small Luxembourgish village."
Luxembourg,9,"Luxembourg is one of the three official capitals of the European Union."
Luxembourg,10,"There are more than 70 castles still standing in this small country."
Luxembourg,11,"The average Luxembourgish citizen owns more cars than anyone else in the EU."
Luxembourg,12,"The Grand Duke's official birthday is celebrated on June 23rd, regardless of his actual birthday."
Luxembourg,13,"Luxembourg is one of the safest countries in the world."
Luxembourg,14,"The country has the highest concentration of Michelin-starred restaurants per capita."
Luxembourg,15,"The national motto is 'Mir wëlle bleiwe wat mir sinn' (We want to remain what we are)."
Malta,1,"Malta is one of the most densely populated countries in the world."
Malta,2,"The capital, Valletta, was the first ever planned city in Europe (built in 1566)."
Malta,3,"Malta has 365 churches—one for every day of the year."
Malta,4,"The 'Popeye Village' film set from the 1980 movie is still a major tourist attraction."
Malta,5,"Malta has no forests, no mountains, and no permanent rivers."
Malta,6,"The Megalithic Temples of Malta are older than the Egyptian Pyramids and Stonehenge."
Malta,7,"Malta was awarded the George Cross for its bravery during World War II."
Malta,8,"The 'Mosta Dome' church survived a direct hit from a bomb in WWII that failed to explode."
Malta,9,"Malta is a top filming location for movies like 'Gladiator' and 'Game of Thrones'."
Malta,10,"The national dish is 'Stuffat tal-Fenek' (rabbit stew)."
Malta,11,"The 'Silent City' of Mdina was the old capital and allows almost no cars today."
Malta,12,"Malta has three inhabited islands: Malta, Gozo, and the tiny Comino."
Malta,13,"The University of Malta is one of the oldest in the world outside of the UK (est. 1592)."
Malta,14,"Malta has two official languages: Maltese and English."
Malta,15,"The Calypso Cave in Gozo is said to be the one mentioned in Homer's 'Odyssey'."
Moldova,1,"The Milestii Mici wine cellar is the largest in the world, containing over 2 million bottles."
Moldova,2,"Moldova is the least visited country in Europe by tourists."
Moldova,3,"The official language is Romanian, but many people call it 'Moldovan'."
Moldova,4,"The country is shaped like a bunch of grapes, which is fitting as it's a major wine producer."
Moldova,5,"Moldova is the only country in Europe with a negative population growth rate."
Moldova,6,"The national animal is the Aurochs (an extinct wild ox) featured on the flag."
Moldova,7,"Moldova is landlocked but is only 2 kilometers away from the Black Sea at its nearest point."
Moldova,8,"The village of Soroca is known as the 'Gypsy Capital' of the world for its ornate mansions."
Moldova,9,"Chisinau, the capital, is one of the greenest cities in Europe."
Moldova,10,"Moldova celebrates a two-day 'National Wine Day' every October."
Moldova,11,"The Cricova winery is so large it has underground 'streets' named after wine types (e.g., Cabernet St.)."
Moldova,12,"Moldova has its own breakaway region called Transnistria, which has its own currency and government."
Moldova,13,"The traditional musical instrument is the 'Nai' (pan flute)."
Moldova,14,"Moldova has over 3,000 rivers, but only the Dniester and Prut are large."
Moldova,15,"The literacy rate in Moldova is nearly 100%."
Montenegro,1,"The name 'Montenegro' means 'Black Mountain'."
Montenegro,2,"Montenegro is the only country in the world that is not in the Eurozone but uses the Euro as its only currency."
Montenegro,3,"The Tara River Canyon is the deepest canyon in Europe and the second deepest in the world."
Montenegro,4,"The 'Bay of Kotor' is often called the southernmost fjord in Europe."
Montenegro,5,"Montenegro was the first country in the world to declare itself an 'ecological state' in its constitution."
Montenegro,6,"The world's oldest olive tree, 'Stara Maslina', is in Bar and is over 2,000 years old."
Montenegro,7,"Mount Lovćen is home to the highest mausoleum in the world."
Montenegro,8,"Montenegro only became an independent country in 2006."
Montenegro,9,"The 'Ostrog Monastery' is built into a vertical cliff face and is a major pilgrimage site."
Montenegro,10,"Montenegro has one of the tallest populations in the world, second only to the Netherlands."
Montenegro,11,"The capital, Podgorica, was once named 'Titograd' after Josip Broz Tito."
Montenegro,12,"The village of Njeguši is famous for its smoked ham (Pršut) and cheese."
Montenegro,13,"Crno Jezero (Black Lake) is a 'glacial eye' lake on Mount Durmitor."
Montenegro,14,"Montenegro has five national parks covering roughly 7% of its territory."
Montenegro,15,"The beach 'Velika Plaža' is one of the longest sandy beaches in Europe at 13 km."
North Macedonia,1,"North Macedonia is the only country to gain independence from Yugoslavia without any bloodshed."
North Macedonia,2,"Mother Teresa was born in the capital city of Skopje in 1910."
North Macedonia,3,"The Cyrillic alphabet was developed in the 9th century by two Macedonian brothers, Cyril and Methodius."
North Macedonia,4,"Lake Ohrid is one of the oldest and deepest lakes in the world, with over 200 endemic species."
North Macedonia,5,"North Macedonia has more mountains and mountain peaks than any other country in the world."
North Macedonia,6,"The city of Skopje has been destroyed by earthquakes multiple times, most recently in 1963."
North Macedonia,7,"Alexander the Great was the King of the ancient Kingdom of Macedon."
North Macedonia,8,"The 'Millennium Cross' in Skopje is one of the biggest crosses in the world."
North Macedonia,9,"The country was officially known as FYROM (Former Yugoslav Republic of Macedonia) until 2019."
North Macedonia,10,"The 'Kokino' observatory is one of the oldest in the world, dating back nearly 4,000 years."
North Macedonia,11,"North Macedonia is home to one of the world's deepest underwater caves, Cave Vrelo."
North Macedonia,12,"The national dish is 'Tavče Gravče' (beans cooked in a traditional skillet)."
North Macedonia,13,"North Macedonia has over 30 peaks that are higher than 2,000 meters."
North Macedonia,14,"Opium from Macedonia was once considered the best in the world due to its high morphine content."
North Macedonia,15,"The 'Balkan Elvis', Toše Proeski, was a beloved superstar from North Macedonia."
Russia,1,"Russia is the largest country in the world, covering over 17 million square kilometers."
Russia,2,"The Trans-Siberian Railway is the longest railway in the world, crossing 8 time zones."
Russia,3,"Russia has more time zones (11) than any other country in the world."
Russia,4,"Lake Baikal in Siberia is the deepest and oldest freshwater lake on Earth."
Russia,5,"Tetris was invented by Russian software engineer Alexey Pajitnov in 1984."
Russia,6,"Russia and the USA are only 4 km (2.4 miles) apart at their closest point in the Bering Strait."
Russia,7,"The Hermitage Museum in St. Petersburg is home to about 70 cats that protect the art from mice."
Russia,8,"Red Square has nothing to do with communism; the Russian word 'krasnaya' originally meant 'beautiful'."
Russia,9,"Russia produces more oxygen than any other country due to its vast Siberian forests."
Russia,10,"The Kremlin is the world's largest active medieval fortress."
Russia,11,"Russian is the most spoken native language in Europe."
Russia,12,"The Oymyakon valley is the coldest permanently inhabited place on Earth."
Russia,13,"Subway stations in Moscow are known as 'underground palaces' for their ornate architecture."
Russia,14,"Peter the Great once imposed a 'beard tax' to modernize Russian society."
Russia,15,"Russia has the world's largest stockpile of nuclear weapons."
France,1,"The Louvre is the most visited art museum in the world."
France,2,"It is illegal to throw away food in France; supermarkets must donate unsold edible food."
France,3,"France is known as 'L'Hexagone' because of its six-sided shape."
France,4,"The camera phone was invented in France in 1997 by Philippe Kahn."
France,5,"There are over 1,600 distinct types of French cheese."
France,6,"French was the official language of England for about 300 years (1066–1362)."
France,7,"The Tour de France has been running for over 100 years."
France,8,"Turning a baguette upside down is considered unlucky in French culture."
France,9,"France is the most popular tourist destination in the world."
France,10,"The French army was the first to use camouflage in 1915 during WWI."
France,11,"A 1910 law technically forbids couples from kissing on train platforms to avoid delays."
France,12,"The croissant was actually invented in Austria, not France."
France,13,"France has more Nobel Prizes in Literature than any other country."
France,14,"The French eat an average of 500 million snails every year."
France,15,"France is the largest country in the European Union by land area."
Germany,1,"Germany has over 20,000 castles scattered across the country."
Germany,2,"The world's first printed book (the Gutenberg Bible) was printed in Germany."
Germany,3,"There are over 300 different types of bread and over 1,000 types of sausage."
Germany,4,"Oktoberfest actually starts in September."
Germany,5,"Berlin has more bridges than Venice (over 1,700)."
Germany,6,"The gummy bear was invented in Germany by Hans Riegel (HARIBO)."
Germany,7,"65% of the Autobahn has no officially mandated speed limit."
Germany,8,"Germany was the first country in the world to adopt Daylight Saving Time (1916)."
Germany,9,"Fanta was created in Germany during WWII because Coca-Cola syrup was unavailable."
Germany,10,"There are more than 400 zoos in Germany, the highest number in the world."
Germany,11,"It is a tradition for children to receive a 'Schultüte' (a cone of sweets) on their first day of school."
Germany,12,"Donaudampfschifffahrtselektrizitätenhaupt-betriebswerkbauunterbeamtengesellschaft is one of the longest words ever."
Germany,13,"The Christmas tree tradition (Tannenbaum) originated in Germany."
Germany,14,"Trying to escape from prison is not a crime in Germany because it's considered a basic human instinct to be free."
Germany,15,"Germany has the third-most Nobel Prize winners in the world."
Italy,1,"Italy has more UNESCO World Heritage Sites than any other country (59)."
Italy,2,"The thermometer, piano, and battery were all invented in Italy."
Italy,3,"Vatican City and San Marino are two independent countries located entirely inside Italy."
Italy,4,"Italy is the world's largest producer of wine."
Italy,5,"Over 1 million Euros in coins are thrown into the Trevi Fountain in Rome every year."
Italy,6,"There are over 600 different shapes of pasta produced in Italy."
Italy,7,"The University of Bologna is the oldest continuously operating university in the world (est. 1088)."
Italy,8,"Pizza was 'invented' in Naples in the 1800s."
Italy,9,"Italy has three active volcanoes: Etna, Vesuvius, and Stromboli."
Italy,10,"The average Italian consumes about 23kg of pasta per year."
Italy,11,"It is considered bad luck to place bread upside down on a table."
Italy,12,"The fork became popular in Italy long before the rest of Europe because it helped people eat pasta."
Italy,13,"Italy’s flag colors represent hope (green), faith (white), and charity (red)."
Italy,14,"The Vespa scooter was first manufactured in Italy in 1946."
Italy,15,"Italy is the only country in the world where you can find a 'wine fountain' that flows 24/7 (in Abruzzo)."
San Marino,1,"San Marino is the world's oldest republic, founded in 301 AD."
San Marino,2,"It is the only country in the world with more vehicles than people."
San Marino,3,"The country is led by two 'Captains Regent' who are elected every six months."
San Marino,4,"San Marino is completely surrounded by Italy."
San Marino,5,"The 'Three Towers of San Marino' are perched on the peaks of Monte Titano and appear on the flag."
San Marino,6,"San Marino remained neutral during both World Wars."
San Marino,7,"Abraham Lincoln was an honorary citizen of San Marino."
San Marino,8,"San Marino has one of the world's lowest unemployment rates."
San Marino,9,"The national cake is 'Torta Tre Monti' (Cake of the Three Mountains)."
San Marino,10,"San Marino issued the world's first postage stamps specifically for collectors in 1877."
San Marino,11,"The country is not in the EU, but it has permission to use the Euro and mint its own coins."
San Marino,12,"The 'Statue of Liberty' in San Marino is located in the Liberty Square (Piazza della Libertà)."
San Marino,13,"San Marino has a professional football team that competes in the Italian league system."
San Marino,14,"The entire historic center of San Marino is a UNESCO World Heritage Site."
San Marino,15,"Despite its size, San Marino has its own small military and police force."
Turkey,2,"Istanbul is the only city in the world located on two continents (Europe and Asia)."
Turkey,1,"Turkey is the birthplace of Saint Nicholas, who lived in the ancient city of Myra."
Turkey,3,"The world's oldest known temple, Göbekli Tepe, is located in southeastern Turkey."
Turkey,4,"Agriculture began in Turkey roughly 11,000 years ago in the Fertile Crescent."
Turkey,5,"The first ever Christian church built by man was in Antioch (Antakya), Turkey."
Turkey,6,"Tulips were originally wild flowers in Turkey and were introduced to the Netherlands from there."
Turkey,7,"Turkey is the world's largest producer of hazelnuts, providing about 70% of the global supply."
Turkey,8,"The city of Troy, made famous in Homer’s Iliad, is located in modern-day Turkey."
Turkey,9,"Turkish delight (Lokum) is one of the oldest sweets in the world, dating back 500 years."
Turkey,10,"The 'Evil Eye' (Nazar Boncuğu) is the most popular souvenir and cultural symbol in Turkey."
Turkey,11,"Turkey has one of the world's oldest and largest covered markets, the Grand Bazaar."
Turkey,12,"Santa Claus's home city (Myra) features a church dedicated to him where he was a bishop."
Turkey,13,"The legendary King Midas, who turned everything to gold, ruled the kingdom of Phrygia in Turkey."
Turkey,14,"Oil wrestling is the national sport of Turkey."
Turkey,15,"Turkey has a high-speed rail system that connects Istanbul to Ankara."
Azerbaijan,1,"Azerbaijan is known as the 'Land of Fire' due to its natural gas fires that burn eternally."
Azerbaijan,2,"The capital, Baku, is the lowest-lying capital city in the world at 28 meters below sea level."
Azerbaijan,3,"Azerbaijan is home to nearly half of the world's mud volcanoes."
Azerbaijan,4,"Baku has a 'Little Venice', a park with man-made canals and gondolas."
Azerbaijan,5,"The Heydar Aliyev Center in Baku has no sharp angles, symbolizing infinite flow."
Azerbaijan,6,"Azerbaijan was the first Muslim-majority country to grant women the right to vote (1918)."
Azerbaijan,7,"Crude oil baths are a traditional health treatment in the town of Naftalan."
Azerbaijan,8,"Azerbaijan is famous for its intricate hand-woven carpets, which are UNESCO treasures."
Azerbaijan,9,"The Nobel brothers made much of their fortune from the oil fields in Baku."
Azerbaijan,10,"Tea is the most popular drink and is traditionally served in pear-shaped glasses called armudu."
Azerbaijan,11,"The Burning Mountain (Yanar Dag) has been on fire for at least 65 years without stopping."
Azerbaijan,12,"The Caspian Sea, which Azerbaijan borders, is technically the world's largest lake."
Azerbaijan,13,"Azerbaijan has nine out of eleven world climate zones within its borders."
Azerbaijan,14,"The Karabakh horse is the national animal and is famous for its speed and intelligence."
Azerbaijan,15,"Baku's 'Flame Towers' are covered in LED screens that look like giant flickering fires at night."
Georgia,1,"Georgia is one of the oldest wine-producing regions in the world, dating back 8,000 years."
Georgia,2,"The Georgian language has its own unique 33-letter alphabet found nowhere else."
Georgia,3,"Georgia is home to the world's deepest cave, Veryovkina Cave (2,212 meters deep)."
Georgia,4,"The village of Ushguli is the highest continuously inhabited settlement in Europe."
Georgia,5,"Georgians call their country 'Sakartvelo'."
Georgia,6,"The ancient Greeks believed the Golden Fleece was hidden in the Georgian region of Colchis."
Georgia,7,"Stalin was born in the Georgian town of Gori; his childhood home is now a museum."
Georgia,8,"Georgia has 12 different climate zones, from subtropical to alpine desert."
Georgia,9,"The 'Supra' is a traditional Georgian feast led by a toastmaster called a Tamada."
Georgia,10,"Polyphonic singing in Georgia is a UNESCO Intangible Cultural Heritage."
Georgia,11,"Georgia has over 2,000 mineral springs, and its Borjomi water is world-famous."
Georgia,12,"The Bagrati Cathedral and Gelati Monastery are iconic UNESCO medieval sites."
Georgia,13,"Georgians believe that a guest is a 'gift from God' and treat them with extreme hospitality."
Georgia,14,"The Prometheus Cave features stunning stalactites that are millions of years old."
Georgia,15,"The national dance, Kartuli, is known for its graceful, gliding movements."
Armenia,1,"Armenia was the first country in the world to adopt Christianity as its state religion (301 AD)."
Armenia,2,"Mount Ararat, where Noah's Ark supposedly landed, is a national symbol for Armenians."
Armenia,3,"Yerevan is one of the world's oldest continuously inhabited cities, older than Rome."
Armenia,4,"Armenia is home to the world’s oldest leather shoe, found in a cave and dated at 5,500 years old."
Armenia,5,"Chess is a mandatory subject in Armenian schools for children over the age of six."
Armenia,6,"The world's longest reversible aerial tramway, 'Wings of Tatev', is located in Armenia."
Armenia,7,"Apricots are native to Armenia; their scientific name is Prunus armeniaca."
Armenia,8,"The 'Pink City' of Yerevan is so named because of the pink volcanic tuff stone used in buildings."
Armenia,9,"Armenian Lavash (flatbread) is listed on UNESCO’s Intangible Cultural Heritage list."
Armenia,10,"Lake Sevan is one of the largest high-altitude freshwater lakes in the world."
Armenia,11,"The Areni-1 winery is the oldest winery ever discovered, dating back 6,100 years."
Armenia,12,"There are more Armenians living outside Armenia (about 7 million) than inside (3 million)."
Armenia,13,"The Armenian alphabet was created in 405 AD by Mesrop Mashtots."
Armenia,14,"Khor Virap monastery offers the most iconic view of Mount Ararat."
Armenia,15,"Armenia has won multiple Olympic medals in wrestling and weightlifting."
Kazakhstan,1,"Kazakhstan is the largest landlocked country in the world."
Kazakhstan,2,"The Baikonur Cosmodrome is the world's first and largest operational space launch facility."
Kazakhstan,3,"Apples originated in the wild forests of Kazakhstan; the city name 'Almaty' means 'city of apples'."
Kazakhstan,4,"Horses were first domesticated in the plains of Kazakhstan about 5,500 years ago."
Kazakhstan,5,"Kazakhstan has the world's largest chimney, belonging to a power station in Ekibastuz."
Kazakhstan,6,"The traditional Kazakh home is the Yurt, a portable felt tent used by nomads."
Kazakhstan,7,"Kazakhstan is home to the 'Singing Dunes', sand dunes that produce a low hum like an organ."
Kazakhstan,8,"The national drink is Kumis, which is fermented mare’s milk."
Kazakhstan,9,"Kazakhstan has a lake (Lake Balkhash) that is half-freshwater and half-saltwater."
Kazakhstan,10,"The capital city, Astana, was known as Nur-Sultan for a few years before reverting in 2022."
Kazakhstan,11,"Kazakhstan contains 99 out of the 110 elements on the periodic table."
Kazakhstan,12,"The golden eagle is a national symbol and is traditionally used for hunting."
Kazakhstan,13,"Kazakhstan is the world's largest producer of uranium."
Kazakhstan,14,"The Medeu Skating Rink is the highest outdoor speed skating rink in the world."
Kazakhstan,15,"Kazakhstan is transcontinental, with about 10% of its land located in Europe."
Liechtenstein,1,"Liechtenstein is the world's leading producer of false teeth."
Liechtenstein,2,"The country has no military; it was disbanded in 1868 to save money."
Liechtenstein,3,"Liechtenstein is one of only two 'doubly landlocked' countries in the world."
Liechtenstein,4,"The national anthem has the same melody as the United Kingdom's 'God Save the King'."
Liechtenstein,5,"On the national holiday, the Prince invites all citizens to a garden party at Vaduz Castle."
Liechtenstein,6,"There is only one natural lake in the entire country, the Gampriner Seele."
Liechtenstein,7,"The Swiss military has accidentally 'invaded' Liechtenstein several times during training exercises."
Liechtenstein,8,"Liechtenstein is the only country in the world named after the family that owns it."
Liechtenstein,9,"You can 'rent' the entire country for events for roughly $70,000 a night."
Liechtenstein,10,"Liechtenstein has the highest GDP per capita in the world when adjusted for purchasing power."
Liechtenstein,11,"The country has no airport; the nearest major one is in Zurich, Switzerland."
Liechtenstein,12,"Liechtenstein is a major producer of high-quality postage stamps for collectors."
Liechtenstein,13,"The literacy rate in Liechtenstein is 100%."
Liechtenstein,14,"Women in Liechtenstein did not get the right to vote until 1984."
Liechtenstein,15,"Crime is so low that many residents don't even lock their front doors."
Monaco,1,"Monaco is the second smallest country in the world after Vatican City."
Monaco,2,"Citizens of Monaco (Monégasques) are forbidden by law from gambling at the casino."
Monaco,3,"Monaco has the world's highest life expectancy at approximately 89 years."
Monaco,4,"Monaco is so small you can walk across the entire country in about 56 minutes."
Monaco,5,"Monaco has more millionaires per capita than any other country in the world."
Monaco,6,"The Monaco Grand Prix is one of the oldest and most prestigious races in Formula One."
Monaco,7,"Monaco has no income tax for its residents."
Monaco,8,"The country has the world's highest police presence per capita."
Monaco,9,"Monaco's flag is almost identical to Indonesia's, but Monaco's is narrower."
Monaco,10,"The House of Grimaldi has ruled Monaco since 1297."
Monaco,11,"Oceanographic Museum of Monaco was once directed by Jacques Cousteau."
Monaco,12,"There is no airport in Monaco; residents use the airport in Nice, France."
Monaco,13,"Monaco has the world's most expensive real estate prices."
Monaco,14,"The 'Old Town' of Monaco is perched on a massive rock overlooking the sea."
Monaco,15,"Monaco is home to the world's largest luxury yacht show every September."
Andorra,1,"Andorra is the only country in the world where Catalan is the sole official language."
Andorra,2,"It is a co-principality, meaning it has two heads of state: the President of France and the Bishop of Urgell."
Andorra,3,"Andorra has no national bank and has never had its own currency."
Andorra,4,"The capital, Andorra la Vella, is the highest capital city in Europe."
Andorra,5,"Andorra has more museums per square kilometer than almost any other country."
Andorra,6,"The country has no airport and no railway system; it is only accessible by road."
Andorra,7,"Andorra has never had a national army or a ministry of defense."
Andorra,8,"90% of Andorra's territory is nature: forests, mountains, and lakes."
Andorra,9,"Andorra is a tax haven and is famous for its duty-free shopping."
Andorra,10,"It is one of the few countries where 10% of the land is a UNESCO World Heritage site."
Andorra,11,"Andorra remained neutral during both World War I and World War II."
Andorra,12,"Tobacco was traditionally the most important crop in Andorra's economy."
Andorra,13,"Andorra is the 16th smallest country in the world."
Andorra,14,"The average life expectancy in Andorra is consistently among the highest in the world."
Andorra,15,"Andorra's parliament, the 'General Council', was established in 1419."